{"train_loss": 0.17756594134026515, "train_accuracy": 92, "dev_loss": 0.21127856720623742, "dev_accuracy": 94, "_timestamp": 1708914909.16734, "_runtime": 7.65542197227478, "_step": 99, "_wandb": {"runtime": 7}}